[
    {
        "dni": "38831866",
        "password": "1234",
        "email": "rodrii.fan@gmail.com",
        "apellido": "Fanjul",
        "nombre": "Rodrigo",
        "id_Rol": 2,
        "ip": "::1",
        "registerDate": 1571419160,
        "lastConnection": 1571619874,
        "loggedIn": false,
        "image": "\/TP-Metodologia\/Uploads\/avatar.png",
        "facebookId": null
    },
    {
        "dni": "70841371",
        "password": "123456",
        "email": "Marcelolintz@gmail.com",
        "apellido": "Lintz",
        "nombre": "Marcelo",
        "id_Rol": 1,
        "ip": "127.0.0.1",
        "registerDate": 1571419160,
        "lastConnection": 1571419160,
        "loggedIn": 0,
        "image": "\/TP-Metodologia\/Uploads\/avatar.png",
        "facebookId": null
    },
    {
        "dni": "666789789",
        "password": "123456",
        "email": "elpibe123@gmail.com",
        "apellido": "Latorre",
        "nombre": "Guillerminaaa",
        "id_Rol": 3,
        "ip": "::1",
        "registerDate": 1571419160,
        "lastConnection": 1571775730,
        "loggedIn": false,
        "image": "\/TP-Metodologia\/Uploads\/descarga.png",
        "facebookId": null
    },
    {
        "dni": "42492167",
        "password": "1234",
        "email": "pame@gmail.com",
        "apellido": "Berengena",
        "nombre": "Pame",
        "id_Rol": 1,
        "ip": "127.0.0.1",
        "registerDate": 1571419160,
        "lastConnection": 1571419160,
        "loggedIn": 0,
        "image": "\/TP-Metodologia\/Uploads\/avatar.png",
        "facebookId": null
    },
    {
        "dni": "234567",
        "password": "1234",
        "email": "martin@gmail.com",
        "apellido": "Howy",
        "nombre": "Martin",
        "id_Rol": 2,
        "ip": "127.0.0.1",
        "registerDate": 1571419160,
        "lastConnection": 1571419160,
        "loggedIn": 0,
        "image": "\/TP-Metodologia\/Uploads\/avatar.png",
        "facebookId": null
    },
    {
        "dni": null,
        "password": 620230,
        "email": "rodrii_cs@hotmail.com",
        "apellido": "Fanjul",
        "nombre": "Rodrigo",
        "id_Rol": 1,
        "ip": "::1",
        "registerDate": 1571686838,
        "lastConnection": 1571775781,
        "loggedIn": true,
        "image": "http:\/\/graph.facebook.com\/1874330122626592\/picture?type=square&height=200",
        "facebookId": "1874330122626592"
    }
]