SET SQL_MODE = "NO_AUTO_VALUE_ON_ZERO";
SET time_zone = "+00:00";

/*!40101 SET @OLD_CHARACTER_SET_CLIENT=@@CHARACTER_SET_CLIENT */;
/*!40101 SET @OLD_CHARACTER_SET_RESULTS=@@CHARACTER_SET_RESULTS */;
/*!40101 SET @OLD_COLLATION_CONNECTION=@@COLLATION_CONNECTION */;
/*!40101 SET NAMES utf8mb4 */;


INSERT INTO `Cines` (`id_cine`, `nombre`, `direccion`) VALUES
(1, 'Ambassador', 'Cordoba 2551'),
(2, 'Aldrey', 'Sarmiento 2685'),
(3, 'Los Gallegos', 'Rivadavia 3050'),
(4, 'Cine del Paseo', 'Diagonal Pueyrredón 3058');

INSERT INTO `Compras` (`id_compra`, `id_usuario`, `fecha_hora`, `precio`, `cantidad`, `descuento`, `total`) VALUES
(1, 1, '2019-11-09 14:34:00', 25, 2, 0, 50),
(2, 2, '2019-11-09 14:37:00', 50, 2, 0, 100),
(3, 3, '2019-11-08 14:37:00', 100, 1, 0, 100),
(4, 4, '2019-11-10 08:14:50', 5000, 1, 0, 5000),
(5, 3, '2019-11-11 04:28:06', 350, 2, 100, 700),
(6, 5, '2019-11-11 04:47:58', 250, 2, 100, 500),
(7, 5, '2019-11-11 06:08:34', 350, 2, 100, 700),
(8, 5, '2019-11-11 06:12:42', 350, 2, 100, 700),
(9, 5, '2019-11-11 06:52:56', 250, 2, 100, 500),
(10, 5, '2019-11-11 06:57:03', 350, 2, 100, 700),
(11, 5, '2019-11-11 07:02:06', 350, 2, 100, 700),
(12, 5, '2019-11-11 07:11:10', 250, 2, 100, 500),
(13, 5, '2019-11-11 07:15:22', 350, 2, 100, 700),
(14, 5, '2019-11-11 07:25:00', 350, 2, 25, 175),
(15, 5, '2019-11-11 07:32:01', 350, 2, 100, 700),
(16, 5, '2019-11-11 07:38:32', 250, 2, 100, 500),
(17, 5, '2019-11-11 07:40:36', 350, 2, 25, 175),
(18, 5, '2019-11-11 08:02:09', 350, 1, 100, 350),
(19, 3, '2019-11-12 05:24:07', 350, 1, 100, 350),
(20, 5, '2019-11-12 05:52:47', 350, 8, 25, 700);

INSERT INTO `Entradas` (`id_entrada`, `id_compra`, `id_funcion`, `qr`) VALUES
(7, 6, 8, '3-3-8-6-1'),
(8, 6, 8, '3-3-8-6-2'),
(11, 8, 11, '1-2-11-8-1'),
(12, 8, 11, '1-2-11-8-2'),
(17, 11, 9, '1-2-9-11-1'),
(18, 11, 9, '1-2-9-11-2'),
(19, 12, 8, '3-3-8-12-1'),
(20, 12, 8, '3-3-8-12-2'),
(21, 13, 11, '1-2-11-13-1'),
(22, 13, 11, '1-2-11-13-2'),
(23, 14, 4, '1-2-4-14-1'),
(24, 14, 4, '1-2-4-14-2'),
(27, 16, 8, '3-3-8-16-1'),
(28, 16, 8, '3-3-8-16-2'),
(29, 17, 4, '1-2-4-17-1'),
(30, 17, 4, '1-2-4-17-2'),
(31, 18, 3, '1-2-3-18-1'),
(32, 19, 4, '1-2-4-19-1'),
(33, 20, 4, '1-2-4-20-1'),
(34, 20, 4, '1-2-4-20-2'),
(35, 20, 4, '1-2-4-20-3'),
(36, 20, 4, '1-2-4-20-4'),
(37, 20, 4, '1-2-4-20-5'),
(38, 20, 4, '1-2-4-20-6'),
(39, 20, 4, '1-2-4-20-7'),
(40, 20, 4, '1-2-4-20-8');

INSERT INTO `Funciones` (`id_funcion`, `id_cine`, `id_sala`, `id_pelicula`, `fecha_hora`) VALUES
(2, 1, 2, 2, '2019-11-10 06:36:00'),
(3, 1, 2, 4, '2019-11-13 06:05:00'),
(4, 1, 2, 1, '2019-11-14 07:01:00'),
(7, 4, 1, 1, '2019-11-12 11:34:00'),
(8, 3, 3, 5, '2019-11-15 06:32:00'),
(9, 1, 2, 4, '2019-11-11 14:15:00'),
(10, 1, 2, 2, '2019-11-13 09:16:00'),
(11, 1, 2, 100, '2019-11-15 10:17:00'),
(12, 1, 2, 11, '2019-11-11 05:02:00'),
(13, 2, 4, 38, '2019-11-12 08:38:00');

INSERT INTO `Generos` (`id_genero`, `nombre`) VALUES
(12, 'Aventura'),
(14, 'Fantasía'),
(16, 'Animación'),
(18, 'Drama'),
(27, 'Terror'),
(28, 'Acción'),
(35, 'Comedia'),
(36, 'Historia'),
(37, 'Western'),
(53, 'Suspense'),
(80, 'Crimen'),
(99, 'Documental'),
(878, 'Ciencia ficción'),
(9648, 'Misterio'),
(10402, 'Música'),
(10749, 'Romance'),
(10751, 'Familia'),
(10752, 'Bélica'),
(10770, 'Película de TV');

INSERT INTO `Peliculas` (`id_pelicula`, `id_TMDB`, `titulo`, `duracion`, `descripcion`, `idioma`, `clasificacion`, `fechaDeEstreno`, `poster`, `video`, `popularidad`) VALUES
(1, 475557, 'Joker', 122, 'Arthur Fleck es un hombre ignorado por la sociedad, cuya motivación en la vida es hacer reír. Pero una serie de trágicos acontecimientos le llevarán a ver el mundo de otra forma. Película basada en Joker, el popular personaje de DC Comics y archivillano de Batman, pero que en este film toma un cariz más realista y oscuro.', 'en', 0, '2019-10-02', 'https://image.tmdb.org/t/p/w500/v0eQLbzT6sWelfApuYsEkYpzufl.jpg', 'c5QLnApJX5o', 9),
(2, 420809, 'Maléfica: Maestra del Mal', 118, 'Secuela de \"Maléfica\" que cuenta la vida de Maléfica y Aurora, así como las alianzas que formarán para sobrevivir a las amenazas del mágico mundo en el que habitan.', 'en', 0, '2019-10-16', 'https://image.tmdb.org/t/p/w500/eZOkXqHXWCKytd78TggAtJ0M3gU.jpg', 'qiL0QbKE69s', 7),
(3, 338967, 'Zombieland: Mata y remata', 99, 'En esta secuela y empleando el característico sentido del humor del que hizo gala \"Zombieland\", el grupo de protagonistas tendrá que viajar desde la Casa Blanca hasta el corazón de los Estados Unidos, sobreviviendo a nuevas clases de muertos vivientes que han evolucionado desde lo sucedido hace algunos años, así como a algunos supervivientes humanos rezagados. Pero, por encima de todo, tendrán que tratar de soportar los inconvenientes de convivir entre ellos.', 'en', 0, '2019-10-09', 'https://image.tmdb.org/t/p/w500/fIkRmyo1UPlwM9zEVfs5QqevmuI.jpg', 'e3LV7ei2804', 7),
(4, 453405, 'Géminis', 117, 'Un asesino a sueldo, demasiado mayor, decide retirarse. Pero esto no le va a resultar tan fácil, pues tendrá que enfrentarse a un clon suyo, mucho más joven.', 'en', 0, '2019-10-02', 'https://image.tmdb.org/t/p/w500/gJpbw3pVCAKksp1LgsTGW7c8SFV.jpg', NULL, 6),
(5, 417384, 'Historias de miedo para contar en la oscuridad', 103, 'Un grupo de adolescentes debe resolver el misterio que rodea a una serie de repentinas y macabras muertes que suceden en su pueblo. Producida por Guillermo del Toro.', 'en', 0, '2019-08-08', 'https://image.tmdb.org/t/p/w500/lfmxj0BZuTlwahHB3AEMqvjygef.jpg', NULL, 6),
(6, 515195, 'Yesterday', 125, 'Ayer todo el mundo conocía a Los Beatles. Hoy Jack (Himesh Patel) es el único que recuerda sus canciones. Este músico que malvive en una pequeña localidad costera de Inglaterra, se ha resignado a renunciar a sus sueños. Pero tras un misterioso apagón en todo el mundo, se despierta en una línea de tiempo alternativa donde nunca existieron Los Beatles. Entonces será su oportunidad de hacerse inmensamente famoso al ritmo de las míticas canciones del cuarteto de Liverpool, eso sí, se arriesgará a perder a Ellie (Lily James), su musa y el amor de su vida.', 'en', 0, '2019-06-27', 'https://image.tmdb.org/t/p/w500/b8VhTJxAitF5ynjosPuqEAQvdlg.jpg', NULL, 7),
(7, 530385, 'Midsommar', 148, 'Una joven pareja y sus amigos viajan a Hårga, situado en Hälsingland, una provincia de Suecia, para visitar la ciudad rural de uno de ellos y asistir a su festival de solsticio de verano. Lo que comienza como un retiro idílico desciende rápidamente en una competencia cada vez más violenta y extraña a manos de un culto pagano.', 'en', 0, '2019-07-03', 'https://image.tmdb.org/t/p/w500/93uHy4f6PXJaEtAhBEV47AeyhnR.jpg', '1Vnghdsjmd0', 7),
(8, 419706, 'Mary', NULL, '', 'en', 0, '2019-09-19', 'https://image.tmdb.org/t/p/w500/cdcyHzqqBrzPGJFVH29ONnzsV6I.jpg', NULL, 6),
(9, 633154, 'Rosita', 96, 'Lola vuelve a casa, donde dejó a sus hijos Alejo, Gustavo y Rosita al cuidado de Omar, el abuelo materno. Pero los niños le cuentan que Omar salió con Rosita, y ella no puede encontrarlos. En las primeras horas de angustia, Lola descubre aspectos muy oscuros del pasado de su padre, decide confrontarlo y vuelve con la niña al día siguiente: ¿qué sucedió con Rosita mientras estuvo fuera de casa? ¿Qué hizo Omar con ella, y por qué está escapando de la policía?', 'es', 0, '2019-10-17', 'https://image.tmdb.org/t/p/w500/rSW6LL10XgeE7AVtqJJofUzb17A.jpg', NULL, 0),
(10, 630213, 'Karaoke Bowie', 4, 'Karaoke Bowie es un video karaoke a partir de la  canción \"Heroes\" de David Bowie. El Karaoke reproduce un texto (editado) de Hito Steyerl cuestionando el uso de la imagen de Bowie. ', 'es', 0, '2019-10-15', 'https://image.tmdb.org/t/p/w500/ey2Eq7CFysYwdUlDhmd18uhcxPC.jpg', NULL, 0),
(11, 563314, 'Nervio', 12, 'Un zoom en retroceso lentísimo con dos planos diferentes, uno general y otro más cercano de unas imágenes de super 8 veraniegas, unidas por el nervio que separa un fotograma del siguiente. La ampliación de ese marco oscuro mientras las dos imágenes también siguen en movimiento, crea una tensión que otorga sentido a ese nervio que no percibimos a una velocidad normal de visionado. Este fue el primer proyecto inacabado de la sesión.', 'xx', 0, '2019-10-15', 'https://image.tmdb.org/t/p/w500/kbF8n96d6wdLptneH20WPY14sHE.jpg', NULL, 0),
(12, 630603, '¿Para qué sirve un zeide?', 16, '‘Zeide’ es la denominación yiddish para “abuelo”. Ilan Serruya nos sumerge en un viaje al pasado\r y las raíces familiares a través de una celebración captada en precario formato doméstico para\r dejarnos entrever un mapa de afectos y de relatos personales.', 'es', 0, '2019-10-15', 'https://image.tmdb.org/t/p/w500/7P7IHoSjV35SGuVSy5wwb9pNVHl.jpg', NULL, 0),
(13, 630204, 'New Dimensions of Dialogue', 11, 'Cada película esconde una segunda película secreta, pero que para poder verla, es necesario un movimiento que se produzca en una dirección que no esté contenida en la película original. Una suerte de desdoblamiento o \"doble visión\" para acceder a la siguiente dimensión.', 'xx', 0, '2019-10-15', 'https://image.tmdb.org/t/p/w500/rTnKeMyT4akdvjJOVL5geYeHdar.jpg', NULL, 0),
(14, 640813, '¿Yo te gusto?', 78, 'Nati, vive con sus padres y su hermano Seba en un barrio marginal. Nati y Seba trabajan haciendo repartos en el bar de su madre y pasan el tiempo con un grupo de amigos que se gana la vida cometiendo delitos menores. Cuando Nati descubre que sus padres tienen una deuda que no pueden pagar, intenta unirse a los hombres de la banda para conseguir el dinero.', 'es', 0, '2019-10-24', 'https://image.tmdb.org/t/p/w500/acxGPOsAyeUVZgVokS2KUzW9CKw.jpg', 'oEKAlnK9oDc', 0),
(15, 614601, 'El rocío', 79, 'Sara y su hija Olivia viven en una zona rural de Entre Ríos. Cuando la niña empieza a presentar problemas con su salud, causados por los pesticidas de los campos, el médico le sugiere viajar a Buenos Aires para realizarse estudios. Para poder costear el viaje, Sara aceptará transportar drogas hacia la ciudad.', 'es', 0, '2019-10-24', 'https://image.tmdb.org/t/p/w500/qOiBm1X2Fr4MfUC9HbDofQnvfis.jpg', NULL, 0),
(16, 638955, '中孚 61. La verdad interior', 68, 'Desde el inicio al fin, tantos los paisajes filmados como los interiores de una cabaña, así como el sistema de registro empleado pertenecen al universo simbólico del protagonista excluyente de este retrato, James Benning, quizás el cineasta que más lejos haya llegado en el aprovechamiento del poder observacional que detenta una cámara. Al respecto, Benning expresará su credo sobre la observación como un método insustituible para conocer el mundo circundante y la vida de los otros, aun más allá del lenguaje, lo que explica en parte la afinidad anímica y la fluidez comunicacional entre el cineasta nacido en 1942 y la actriz argentina devenida en cineasta nacida en 1983, quien apenas puede hablar en inglés. Una entrevista, algunos paseos y la preparación de una película de Benning sobre Brito y la de la propia actriz sobre el cineasta revelan las ideas del maestro sobre el tiempo, la libertad, la justicia, la soledad, la cultura y la política estadounidenses. - Roger Koza', 'es', 0, '2019-10-12', 'https://image.tmdb.org/t/p/w500/2bSFRQzBhaWABIBBgXoxoGoHmZS.jpg', NULL, 0),
(17, 630849, 'Todo por el ascenso', 80, 'Néstor es extremadamente supersticioso. Este año, su equipo, se juega el ascenso en Mendoza y se dispone a viajar con Rafa, su amigo. Pero aparece Fabián, un piedra, un mufa, un desgraciado para el fútbol. El ascenso está en peligro, a menos que puedan evitar que el Fabián llegue a la cancha.', 'es', 0, '2019-09-12', 'https://image.tmdb.org/t/p/w500/m2RqyjDP6YSOKtPn43Y034pAQAX.jpg', NULL, 7),
(18, 630343, 'El Juego de las Llaves', 600, '', 'es', 0, '2019-09-18', 'https://image.tmdb.org/t/p/w500/uMuw1IX9yT6JUHcd1CaeXw6cxxg.jpg', NULL, 8),
(19, 621268, 'Así habló el cambista', 97, 'Durante los años 70, la economía de la región atrajo a muchos oportunistas a Uruguay. Las instituciones estaban en bancarrota; había un gobierno militar; los subversivos estaban tras las rejas y, para los sectores de baja reputación de las economías de Brasil y Argentina, el mercado financiero uruguayo parecía el lugar ideal para hacer desaparecer el dinero. Así es como Humberto Brause comienza una meteórica carrera en la compra y venta de divisas extranjeras, patrocinado por su propio suegro, un veterano en el negocio de la fuga de capitales. Ciego por su excesiva ambición, Humberto se lleva por delante a todo aquel que se cruce en su camino. Consigue hacerse cargo del negocio familiar y acepta una sospechosa tarea: lavar la cantidad de dinero más grande que ha visto en su vida.', 'es', 0, '2019-09-26', 'https://image.tmdb.org/t/p/w500/dUwpZl6QJUFoqkhEcu10Hzbd5Bn.jpg', NULL, 0),
(20, 629522, 'La sombra del gallo', 100, 'Tras la muerte de su padre, el ex policía Román Maidana retorna al pueblo de su infancia que se encuentra atravesado por la reciente desaparición de una adolescente. Mientras enfrenta el duelo, se encuentra teniendo visiones de una joven que lo alienta a desarmar un grupo criminal que está relacionado con la trata de mujeres.', 'es', 0, '2019-10-10', 'Uploads/la-sombra-del-gallo.jpg', 'CbX3ovj4bAk', 0),
(21, 290859, 'Terminator: Destino Oscuro', 120, 'Sarah Connor une todas sus fuerzas con una mujer cyborg para proteger a una joven de un extremadamente poderoso y nuevo Terminator.', 'en', 0, '2019-10-23', 'https://image.tmdb.org/t/p/w500/xGecvRFG8vBQewLAqoNzVSYIdVr.jpg', 'TwKkavM9VeE', 7),
(22, 449924, 'Ip Man 4', 0, '', 'cn', 0, '2019-10-18', 'https://image.tmdb.org/t/p/w500/mAWBfTDAmfpvQGMVFuzuVl49N1P.jpg', NULL, 6),
(23, 559969, 'El Camino: Una película de Breaking Bad', 123, 'Tiempo después de los eventos sucedidos tras el último episodio de la serie \"Breaking Bad\", el fugitivo Jesse Pinkman huye de sus perseguidores, de la ley y de su pasado.', 'en', 0, '2019-10-11', 'https://image.tmdb.org/t/p/w500/hoWADuvXs3Ua4AXBAiZYnppTupO.jpg', NULL, 7),
(24, 454640, 'Angry Birds 2: La película', 96, 'Vuelven a la carga Red, el pájaro de color rojo con problemas de mal genio, y sus amigos Chuck, el pájaro amarillo hiperactivo, y Bomb, el pájaro negro muy volátil. En esta segunda parte, los pájaros protagonistas y los intrigantes cerdos de color verde llevarán su conflicto a un nuevo nivel. Y es que, aparecerá una nueva y malvada villana: Zeta, un pájaro que vive en una isla helada. Cuando Zeta lance una bola de hielo sobre la isla en la que se encuentran Red y compañía, nuestros protagonistas tendrán que hacer frente a esta nueva amenaza.', 'en', 0, '2019-08-02', 'https://image.tmdb.org/t/p/w500/xfgMVop9eZ3sP1Qpx9nW5jLKUrJ.jpg', NULL, 7),
(25, 568012, 'One Piece: Stampede', 101, 'La película tiene lugar durante la Pirates Expo, \"hecha por piratas para piratas\", donde los piratas de todo el mundo, incluidos algunos de sus personajes más infames, se unen a la búsqueda de un gran tesoro para encontrar un tesoro perdido, esta vez el tesoro. Perteneció nada menos que a Gold Roger!', 'ja', 0, '2019-08-09', 'https://image.tmdb.org/t/p/w500/suPfemWGPk8xOePePITOhg1C5EP.jpg', NULL, 8),
(26, 474350, 'It Capítulo 2', 169, '27 años después, los ex-miembros del Club de los Perdedores, que crecieron y se mudaron lejos de Derry, vuelven a unirse tras una devastadora llamada telefónica.', 'en', 0, '2019-09-04', 'https://image.tmdb.org/t/p/w500/9oERKIVyTWpHNum3STVsAGD4ojz.jpg', 'zh9-9_CeQEc', 7),
(27, 458156, 'John Wick: Capítulo 3 - Parabellum', 131, 'John Wick (Keanu Reeves) regresa a la acción, solo que esta vez con una recompensa de 14 millones de dólares sobre su cabeza y con un ejército de mercenarios intentando darle caza. Tras asesinar a uno de los miembros del gremio de asesinos al que pertenecía, Wick es expulsado de la organización, pasando a convertirse en el centro de atención de multitud de asesinos a sueldo que esperan detrás de cada esquina para tratar de deshacerse de él.', 'en', 0, '2019-05-15', 'https://image.tmdb.org/t/p/w500/aKw7oqYdfn4pkKYvp18Gd1YhK6m.jpg', 'F4_o_Ci6o7E', 7),
(28, 481084, 'La familia Addams', 86, 'Película de animación basada en la serie de La familia Addams.', 'en', 0, '2019-10-10', 'https://image.tmdb.org/t/p/w500/307Y96L1iJ6gujCfuGPWNTqgbBd.jpg', 'xUAUk00Vxq4', 6),
(29, 578189, 'Black and Blue', 109, '', 'en', 0, '2019-10-25', 'https://image.tmdb.org/t/p/w500/fjmMu9fpqMMF17mCyLhNfkagKB0.jpg', NULL, 6),
(30, 428045, 'The Mystery of the Dragon’s Seal', 121, '', 'ru', 0, '2019-08-16', 'https://image.tmdb.org/t/p/w500/hi7WQseemJ3mW1Iz29JSgI4FK0l.jpg', NULL, 5),
(31, 599975, 'Countdown', 90, '', 'en', 0, '2019-10-25', 'https://image.tmdb.org/t/p/w500/qCDPKUMX5xrxxQY8XhGVCKO3fks.jpg', NULL, 6),
(32, 496243, 'Parásitos', 132, 'Tanto Gi Taek (Song Kang Ho) como su familia están sin trabajo. Cuando su hijo mayor, Gi Woo (Choi Woo Shik), empieza a recibir clases particulares en casa de Park (Lee Sun Gyun), las dos familias, que tienen mucho en común pese a pertenecer a dos mundos totalmente distintos, comienzan una interrelación de resultados imprevisibles.', 'ko', 0, '2019-05-30', 'https://image.tmdb.org/t/p/w500/zHk9i6yFodI6fJPbY85z9HURNnQ.jpg', NULL, 9),
(33, 466272, 'Érase una Vez en... Hollywood', 165, '“Érase una vez en… Hollywood” de Quentin Tarantino, nos lleva a Los Angeles de 1969, donde todo está cambiando, y donde la estrella de la televisión Rick Dalton (Leonardo DiCaprio), y Cliff Booth (Brad Pitt), su doble de muchos años, se abren camino en una industria que ya prácticamente no reconocen. La novena película del célebre escritor y director cuenta con amplio reparto y múltiples tramas argumentales que rinden un tributo a los momentos finales de la época dorada de Hollywood.', 'en', 0, '2019-07-25', 'https://image.tmdb.org/t/p/w500/vKSyaptSA7zZ9H8mSfaDnvyQl9k.jpg', '_mUZobwljrc', 8),
(34, 459992, 'Casi imposible', 120, 'Cuando Fred Flarsky (Seth Rogen) se reencuentra inesperadamente con el primer amor de su vida, que ahora es una de las mujeres más influyentes del mundo, Charlotte Field (Charlize Theron), logra llamar su atención gracias a su peculiar sentido del humor y a su visión idealista del mundo y de la política. Mientras se prepara para aspirar a la presidencia del país, Charlotte contrata a Fred para que sea el encargado de escribir sus discursos. Sin embargo, Fred se va a encontrar como un pez fuera del agua en el equipo de élite de Charlotte.', 'en', 0, '2019-05-02', 'https://image.tmdb.org/t/p/w500/d5SjdpTAyn0zLzJYSAJ1AzosHh8.jpg', 'JkFZ2sX9pxw', 7),
(35, 540901, 'Estafadoras de Wall Street', 107, 'Inspirado por el artículo viral de la revista New York Magazine, Hustlers sigue a un grupo de ex empleadas de un club de striptease que se unen para vengarse de sus clientes de Wall Street.', 'en', 0, '2019-09-12', 'https://image.tmdb.org/t/p/w500/di8JeI8otBrQMy6SZr4Hc3Ve3oj.jpg', '1QGDg3U8jYg', 6),
(36, 511987, 'Infierno bajo el agua', 88, 'Cuando un enorme huracán llega a su pueblo en Florida, Haley ignora las órdenes de evacuación para buscar a su padre. Tras encontrarle gravemente herido, ambos quedan atrapados por la inundación. Prácticamente sin tiempo para escapar de la tormenta que arrecia, Haley y su padre descubren que la subida del nivel del agua es el menor de sus problemas.', 'en', 0, '2019-07-11', 'https://image.tmdb.org/t/p/w500/vPCQHc1LqLEC2ozuFQngqvc2SIO.jpg', '5_MeTpr-e9A', 6),
(37, 522938, 'Rambo: Last Blood', 101, 'Cuatro décadas después, el veterano de Vietnam y paciente con TEPT (Trastorno de estrés postraumático) regresa a su rancho familiar de Arizona. John Rambo (Sylvester Stallone), uno de los mayores héroes de acción de todos los tiempos, deberá enfrentarse a su pasado y desenterrar sus despiadadas habilidades de combate para vengarse en una misión final, emprendiendo así un viaje mortal, justiciero y sin retorno.', 'en', 0, '2019-09-19', 'https://image.tmdb.org/t/p/w500/kG3pY61LWGAzcaSne12CGEeRvtg.jpg', '3WcrgWJXCHg', 6),
(38, 480105, 'A 47 metros 2', 89, 'Esta secuela de \"A 47 Metros\" traslada la mortífera acción de los tiburones desde México a Brasil, y seguirá a un grupo de chicas en busca de aventuras en la costa de Recife. Con la esperanza de salir del rutinario sendero turístico, las chicas escuchan algo acerca de unas ruinas submarinas ocultas, pero descubren que bajo las olas turquesas su Atlantis secreta no está completamente deshabitada.', 'en', 0, '2019-08-15', 'https://image.tmdb.org/t/p/w500/tWZ9tgEEpeku0hBjjHLBPHd0jXT.jpg', NULL, 6),
(39, 513045, 'Stuber Express', 105, 'La vida de un apacible conductor de Uber, Stu (Kumail Nanjiani), cambia repentinamente cuando se sube a su vehículo un pasajero (Dave Bautista) que resulta ser un policía que sigue la pista a un brutal asesino. Stu se ve obligado a luchar por salvar la vida, protagonizando una misión en la que nunca pidió participar, y cuyo principal objetivo tiene claro desde que descubre lo que está sucediendo: obtener las cinco estrellas de calificación en este movido viaje.', 'en', 0, '2019-07-11', 'https://image.tmdb.org/t/p/w500/jySe3Z0eVO1vZTrDuctt0zJWBHz.jpg', 's8PEylhZMTM', 7),
(40, 527641, 'A dos metros de ti', 116, 'Will y Stella son dos adolescentes que padecen fibrosis quística y están ingresados en el hospital para tratarse. Aunque ambos tratan de refugiarse en su propio mundo, de forma inevitable acaban enamorándose. La pareja deberá luchar para mantener viva su relación, con una única regla: separarse con una distancia de alrededor de dos metros para evitar que ambos se puedan contagiar. Sin embargo, la vida de ambos estará en peligro.', 'en', 0, '2019-03-15', 'https://image.tmdb.org/t/p/w500/3ZNKu4TfGgACD1D3kibI5Pgmqe4.jpg', 'vWhX8aTj5TI', 8),
(41, 419704, 'Ad Astra', 124, 'El astronauta Roy McBride (Brad Pitt) viaja a los límites exteriores del sistema solar para encontrar a su padre perdido y desentrañar un misterio que amenaza la supervivencia de nuestro planeta. Su viaje desvelará secretos que desafían la naturaleza de la existencia humana y nuestro lugar en el cosmos.', 'en', 0, '2019-09-17', 'https://image.tmdb.org/t/p/w500/wcTICyta60bfwGs01y0meHQuKpP.jpg', NULL, 6),
(42, 603, 'Matrix', 138, 'Thomas Anderson lleva una doble vida: por el día es programador en una importante empresa de software, y por la noche un hacker informático llamado Neo. Su vida no volverá a ser igual cuando unos misteriosos personajes le inviten a descubrir la pregunta que no le deja dormir: ¿qué es Matrix?', 'en', 0, '1999-03-30', 'https://image.tmdb.org/t/p/w500/ejmTPNAkgZaVJ4AI9zb9SehAYU0.jpg', 'nL5kq0rfbBk', 8),
(43, 431580, 'Abominable', 92, 'Yi es una adolescente más en la enorme ciudad de Shanghai. Un día, se encuentra a un joven yeti en la azotea de su edificio. La supuestamente “abominable” criatura, que se ha escapado del laboratorio donde estaba encerrado, está siendo buscada por toda la ciudad. Junto con sus ingeniosos amigos Jin y Peng, Yi decide ayudarle a huir, le bautizan como “Everest” y los cuatro se embarcan en una épica aventura para reunir a la mítica criatura con su familia en el pico más alto del mundo.', 'en', 0, '2019-09-19', 'https://image.tmdb.org/t/p/w500/gp7d1OGYpBGyG5E6fr1fMi01bvK.jpg', NULL, 7),
(44, 487680, 'The Kitchen', 104, 'Años 70. Las esposas de un grupo de mafiosos de Nueva York continúan con los negocios de sus maridos después de que estos sean encarcelados.', 'en', 0, '2019-08-08', 'https://image.tmdb.org/t/p/w500/l3smhHvnczXg8E2WzysRVKIXSYJ.jpg', NULL, 6),
(45, 517909, 'The Laundromat: Dinero sucio', 95, 'Una viuda (Meryl Streep) investiga un fraude al seguro. Todas las pistas conducen a dos abogados de Ciudad de Panamá (Gary Oldman y Antonio Banderas) que se benefician de las lagunas del sistema financiero mundial.... Película sobre los llamados \"papeles de Panamá\", investigación periodística del 2017 en la que tras un filtración de un despacho de abogados se desveló que importantes personalidad mundiales tenían patrimonio no declarado en bancos de Panamá, paraíso fiscal.', 'en', 0, '2019-09-05', 'https://image.tmdb.org/t/p/w500/hwNMJgbiUUvPCxsnADjbV9ysM5j.jpg', NULL, 6),
(46, 535581, 'Los muertos no mueren', 103, 'En la pacífica localidad de Centerville pasa algo raro. Los animales se empiezan a comportar de forma extraña, las horas de luz solar cambian de forma impredecible y la luna vigila permanentemente desde el horizonte. Los científicos están preocupados y los informativos dan noticias desconcertantes. Y es que, una extraña invasión está a punto de suceder en la que los muertos ya no está muertos y se levantarán de sus tumbas. Los habitantes de Centerville, liderados por Ronald Peterson y Cliff Robertson, deberán detener esta amenaza y luchar para sobrevivir.', 'en', 0, '2019-05-15', 'https://image.tmdb.org/t/p/w500/rYVKIiyE6vK2riNTPtk1XKWejvJ.jpg', 'teOGqx26lBA', 6),
(81, 505060, 'La Horca 2', 99, 'Aune Rue, una adolescente vloguera que aspira a convertirse en actriz, se conecta en una página web de aspecto siniestro y acaba viéndose atrapada en el malévolo mundo de una obra teatral maldita llamada \"The Gallows\". Tras realizar un pequeño fragmento de la misma para su grupo de fans, Auna alcanza inmediatamente el estrellato que siempre había buscado, como también captar la atención de un espíritu mortífero, \"The Hangman\".', 'en', 0, '2019-10-25', 'https://image.tmdb.org/t/p/w500/h2OCcYwUGqSBvqHjE3QBtTNeKXY.jpg', NULL, 6),
(82, 521029, 'Annabelle vuelve a casa', 115, 'Annabelle Vuelve a Casa es la tercera entrega de la saga \"Annabelle\" de New Line Cinema, protagonizada por la infame y siniestra muñeca del universo \"Expediente Warren\".  Los demonólogos Ed y Lorraine Warren están decididos a evitar que Annabelle cause más estragos, así que llevan a la muñeca poseída a la sala de objetos bajo llave que tienen en su casa. La colocan \"a salvo\" en una vitrina sagrada bendecida por un sacerdote. Pero una terrorífica noche nada santa, Annabelle despierta a los espíritus malignos de la habitación que se fijan un nuevo objetivo: la hija de diez años de los Warren, Judy, y sus amigas.', 'en', 0, '2019-06-26', 'https://image.tmdb.org/t/p/w500/zxwPksbRKGaAi06rapPfFTVsMHv.jpg', '1VTnFrWGD-w', 6),
(83, 484641, 'Anna', 119, 'Bajo la hipnotizante belleza de Anna Poliatova yace un secreto que le permite desatar una imparable agilidad y fuerza y convertirse en una de las asesinas más temidas por los gobiernos del mundo.', 'fr', 0, '2019-06-19', 'https://image.tmdb.org/t/p/w500/Ai4mWR2wHh6jemkzu6CI49Zxsw4.jpg', NULL, 6),
(84, 522924, 'El arte de vivir bajo la lluvia', 109, 'El argumento está basado en la novela publicada por Garth Stein, la cual responde al mismo nombre que el filme. La historia combina diferentes sentimientos y situaciones comprometidas para la sociedad como son el dolor, la liberación, el cariño o el riesgo. Enzo, un perro que ha experimentado muchas aventuras interesantes a lo largo de su vida, es el personaje que pone voz a la película. Pese a no ser una persona de carne y hueso, este entrañable animal será capaz de dar diferentes lecciones a los seres humanos sobre cuál tendría que ser la manera adecuada de actuar sea cual sea la situación en la que se encuentren.', 'en', 0, '2019-08-08', 'https://image.tmdb.org/t/p/w500/10DEBjRtAH7ocGHYufecnGZOEq0.jpg', NULL, 8),
(85, 456740, 'Hellboy', 125, 'La Agencia para la Investigación y Defensa Paranormal (AIDP) encomienda a Hellboy la tarea de derrotar a un espíritu ancestral: Nimue, conocida como \"La Reina de la Sangre\". Nimue fue la amante del mismísimo Merlín durante el reinado del Rey Arturo, de él aprendió los hechizos que la llevaron a ser una de las brujas más poderosas… Pero la locura se apoderó de ella y aprisionó al mago para toda la eternidad. Hace siglos consiguieron acabar con esta villana, enterrándola profundamente, pero ha vuelto de entre los muertos con la intención de destruir a la humanidad con su magia negra.  Nueva película basada en el cómic \"Hellboy\" de Mike Mignola, que tendrá calificación R y se desmarcará de los films de Guillermo del Toro.', 'en', 0, '2019-04-10', 'https://image.tmdb.org/t/p/w500/tNSpy125u15oQ9EOsDLzmMSvvub.jpg', '-y41bDJa32w', 5),
(86, 480001, 'The Art of Self-Defense', 104, 'Un hombre que es atacado mientras camina solo por la calle (Jesse Eisenberg) decide apuntarse en un dojo de karate, donde un peculiar y carismático maestro (Alessandro Nivola) le enseña mucho más que a defenderse a sí mismo.', 'en', 0, '2019-07-12', 'https://image.tmdb.org/t/p/w500/2yzkRUONrJV4jNj6FSEZBNRCzvC.jpg', NULL, 7),
(87, 503919, 'The Lighthouse', 110, 'Gira en torno al personaje de Old, un envejecido farero del estado norteamericano de Maine de principios del siglo XX.', 'en', 0, '2019-10-18', 'https://image.tmdb.org/t/p/w500/3nk9UoepYmv1G9oP18q6JJCeYwN.jpg', 'IuKoSN594MI', 8),
(88, 540158, 'High Strung Free Dance', 103, '', 'en', 0, '2018-09-13', 'https://image.tmdb.org/t/p/w500/2PKXkTik1sOICveKTNh6BspD5Xj.jpg', NULL, 7),
(89, 611748, 'Housefull 4', 142, '', 'hi', 0, '2019-10-25', 'https://image.tmdb.org/t/p/w500/aCJOZzWV6cpZ9p9tmfEzXq4EqN8.jpg', NULL, 8),
(90, 423204, 'Objetivo: Washington D.C.', 114, 'Tras las amenazas a la Casa Blanca y Londres, esta vez el objetivo a batir es el agente del Servicio Secreto de Estados Unidos Banning (Gerard Butler), quien se ha ganado muchos enemigos al haber frustrado los diferentes planes terroristas hasta ahora.', 'en', 0, '2019-08-21', 'https://image.tmdb.org/t/p/w500/hCfKCVrBs2r2gb5hz9E0Oysc9i9.jpg', 'AJBjwU66Z3c', 6),
(91, 520901, 'Doom: aniquilación', 97, 'Sigue a un grupo de marines espaciales que responden a una llamada de socorro desde una luna de Marte. Cuando llegan allí, descubren que criaturas demoníacas han tomado el control de la zona y amenazan con llevar el Infierno a la Tierra. Nueva película basada en la saga de videojuegos “Doom”.', 'en', 0, '2019-09-30', 'https://image.tmdb.org/t/p/w500/g78vTiPcIGgpLHG7gktEg0rqF0D.jpg', 'mDF9CPwSvFA', 4),
(92, 530382, 'El Lado Siniestro de la Luna', 115, 'En 1988, el oficial de la policía de Filadelfia Thomas Lockhart (Boyd Holbrook), ansioso por convertirse en detective, comienza a seguirle la pista a un asesino en serie que misteriosamente resurge cada nueve años. Cuando los crímenes del asesino empiezan a desafiar cualquier explicación científica, la obsesión por descubrir la verdad amenaza con destruir su carrera, su familia y posiblemente su cordura.', 'en', 0, '2019-09-27', 'https://image.tmdb.org/t/p/w500/nn1LVyYKASSsxEp4JCyBRYe3a27.jpg', NULL, 6),
(93, 637475, 'A Noise That Carries', 15, '', 'en', 0, '2019-10-22', 'https://image.tmdb.org/t/p/w500/2804sVWpmGCKHrK63RUVdu8LOwz.jpg', NULL, 0),
(94, 501170, 'Doctor Sueño', 152, 'Secuela del film de culto \"El resplandor\" (1980) dirigido por Stanley Kubrick y también basado en una famosa novela de Stephen King. La historia transcurre algunos años después de los acontecimientos de \"The Shining\", y sigue a Danny Torrance (Ewan McGregor), traumatizado y con problemas de ira y alcoholismo que hacen eco de los problemas de su padre Jack, que cuando sus habilidades psíquicas resurgen, se contacta con una niña de nombre Abra Stone, a quien debe rescatar de un grupo de viajeros que se alimentan de los niños que poseen el don de \"el resplandor\".', 'en', 0, '2019-10-30', 'https://image.tmdb.org/t/p/w500/spw3MXaAK44lLVqZLKVYSlfHYtD.jpg', NULL, 7),
(95, 694, 'El resplandor', 146, 'Jack Torrance se traslada, junto a su mujer y a su hijo, al impresionante hotel Overlook, en Colorado, para encargarse del mantenimiento del mismo durante la temporada invernal, en la que permanece cerrado y aislado por la nieve. Su idea es escribir su novela al tiempo que cuida de las instalaciones durante esos largos y solitarios meses de invierno, pero desde su llegada al hotel, Jack comienza a padecer inquietantes transtornos de personalidad, al mismo tiempo que en el lugar comienzan a suceder diversos fenómenos paranormales.', 'en', 0, '1980-05-22', 'https://image.tmdb.org/t/p/w500/p9hqo2JWhBytLxskz4FBKcP2e1k.jpg', 'A3q03BBwMp4', 8),
(96, 521777, 'Chicos buenos', 95, 'Después de ser invitados a su primera \"fiesta del beso\", tres buenos amigos destrozan por casualidad un dron que tenían prohibido tocar. Para reemplazarlo, se ausentan de clase y toman una serie de decisiones erróneas, involucrándose en un caso relacionado con droga, policía y, sobre todo, con muchas lágrimas.', 'en', 0, '2019-08-14', 'https://image.tmdb.org/t/p/w500/8zqptFnq7GhpVEXzfOnNxWbN0U2.jpg', NULL, 7),
(97, 398978, 'El irlandés', 209, 'Biopic sobre Frank Sheeran, apodado \"el irlandés\", al que se le atribuyen más de 25 asesinatos relacionados con la mafia... Adaptación del libro \"I Heard You Paint Houses\", de Charles Brandt, a cargo del guionista Steven Zaillian (La lista de Schindler, American Gangster).', 'en', 0, '2019-11-01', 'https://image.tmdb.org/t/p/w500/s2TPNe80v8JdZi4yKjJAkoI87cg.jpg', NULL, 9),
(98, 565348, 'Adopt a Highway', 78, '', 'en', 0, '2019-11-01', 'https://image.tmdb.org/t/p/w500/y2nzyAsOufAhqEEhsr0ArTCQBPz.jpg', NULL, 8),
(99, 524247, 'The Intruder (El Ocupante)', 102, 'Un joven matrimonio compra una preciosa casa con varias acres de terreno en Napa Valley y descubren que el hombre al que se la compraron se niega a abandonar la propiedad.', 'en', 0, '2019-05-03', 'https://image.tmdb.org/t/p/w500/h3wP6pdzLSLpGiC7tPMX7eLqZhr.jpg', NULL, 6),
(100, 504949, 'The King', 140, 'Inglaterra, siglo XV. Hal, un caprichoso príncipe que vive entre la población lejos de la corte, se ve obligado por las circunstancias a aceptar el trono a regañadientes y convertirse en Enrique V.', 'en', 0, '2019-10-11', 'https://image.tmdb.org/t/p/w500/8u0QBGUbZcBW59VEAdmeFl9g98N.jpg', NULL, 7),
(101, 330457, 'Frozen 2', 0, '¿Por qué nació Elsa con poderes mágicos? La respuesta le está llamando y amenaza su reino. Junto con Anna, Kristoff, Olaf y Sven emprenderá un viaje peligroso e inolvidable. En \'Frozen\', Elsa temía que sus poderes fueran demasiado para el mundo. En \'Frozen 2\', deseará que sean suficientes. Secuela de \"Frozen. El reino del hielo\" (2013), el film de animación más taquillero de la historia del cine, ganador del Oscar a la mejor película animada. Reunirá al mismo equipo artístico y técnico de la original.', 'en', 0, '2019-11-11', 'https://image.tmdb.org/t/p/w500/jnFCk7qGGWop2DgfnJXeKLZFuBq.jpg', 'XRQxxaulh9g', 5),
(102, 522162, 'Midway', 138, '1942, Segunda Guerra Mundial. Después del devastador ataque sorpresa que destruyó Pearl Harbor, la Armada Imperial Japonesa se prepara para un nuevo ataque. Pero el Almirante Nimitz (Woody Harrelson) y Dick Best (Ed Skrein), el mejor piloto de la armada estadounidense, preparan un contraataque al imponente ejército japonés. Dick encabezará un ataque masivo que hará que Japón se dé cuenta de su error. Una decisión que cambió el curso de la historia para siempre. Mientras estos dos titánicos enemigos emprenden una letal batalla para cambiar el rumbo de la guerra, todas las miradas se vuelcan hacia la remota isla de Midway, donde una serie de impactantes ataques aéreos y marítimos pondrán a prueba la potencia y la fortaleza de ambas naciones.', 'en', 0, '2019-11-06', 'https://image.tmdb.org/t/p/w500/xL1yNzwGSXfassYpt13hXADpz6R.jpg', NULL, 5),
(103, 549053, 'Last Christmas', 102, 'Kate es una mujer joven que suele tomar siempre la decisión menos acertada. ¿Su último error? Haber aceptado un trabajo como elfo de Santa Claus en un centro comercial. Sin embargo, el destino la lleva a conocer a Tom, circunstancia que cambia por completo su vida. Para Kate, todo es demasiado bueno para ser cierto.', 'en', 0, '2019-11-07', 'https://image.tmdb.org/t/p/w500/s9Ig9aoORT9jCuUDOCX4j1nNke6.jpg', 'asD_qZ2bqAI', 8),
(104, 499701, 'Dora y la ciudad perdida', 102, 'Tras haber pasado la mayor parte de su vida explorando la jungla junto a sus padres, nada podría haber preparado a Dora para la aventura más peligrosa a la que jamás se ha enfrentado: ¡el instituto!. Exploradora hasta el final, Dora no tarda en ponerse al frente de un equipo formado por Botas (su mejor amigo, un mono), Diego, un misterioso habitante de la jungla y un desorganizado grupo de adolescentes en una aventura en la que deberán salvar a sus padres y resolver el misterio oculto tras una ciudad perdida de oro.', 'en', 0, '2019-08-08', 'https://image.tmdb.org/t/p/w500/zFzRbVWduN0qewAjLJEKlNvMunt.jpg', 'bgkodj8L558', 6),
(105, 463257, 'The Peanut Butter Falcon', 93, 'Zak es un joven con Síndrome de Down que se escapa de su residencia para perseguir su sueño de convertirse en un luchador profesional en la escuela de lucha de Salwater Redneck. Una serie de circunstancias le llevan a encontrarse con Tyler, un delincuente que también se ha dado a la fuga y que más tarde se convierte en su entrenador y aliado. Su aventura les lleva a conocer a Eleanor, una enfermera un tanto peculiar que se une a ellos en su viaje a través del norte de California.', 'en', 0, '2019-08-09', 'https://image.tmdb.org/t/p/w500/qyQcRGvdW3VtxHR4fSDgPOePEip.jpg', NULL, 8);

INSERT INTO `PeliculasXGeneros` (`id_peliculasxgeneros`, `id_pelicula`, `id_genero`) VALUES
(1, 1, 80),
(2, 1, 53),
(3, 1, 18),
(4, 2, 14),
(5, 2, 12),
(6, 2, 10751),
(7, 3, 27),
(8, 3, 28),
(9, 3, 35),
(10, 4, 28),
(11, 4, 53),
(12, 5, 27),
(13, 5, 53),
(14, 6, 35),
(15, 6, 10402),
(16, 6, 10749),
(17, 6, 14),
(18, 7, 27),
(19, 7, 18),
(20, 7, 53),
(21, 7, 9648),
(22, 8, 27),
(23, 8, 18),
(24, 9, 18),
(25, 14, 53),
(26, 14, 18),
(27, 17, 35),
(28, 19, 35),
(29, 19, 18),
(30, 20, 53),
(31, 20, 18),
(32, 21, 28),
(33, 21, 878),
(34, 22, 28),
(35, 22, 18),
(36, 22, 36),
(37, 23, 80),
(38, 23, 18),
(39, 23, 53),
(40, 24, 16),
(41, 24, 35),
(42, 24, 28),
(43, 24, 12),
(44, 24, 10751),
(45, 25, 16),
(46, 25, 28),
(47, 25, 12),
(48, 26, 27),
(49, 27, 28),
(50, 27, 53),
(51, 27, 80),
(52, 28, 16),
(53, 28, 35),
(54, 28, 10751),
(55, 28, 27),
(56, 28, 14),
(57, 29, 28),
(58, 29, 80),
(59, 29, 18),
(60, 30, 12),
(61, 30, 14),
(62, 31, 27),
(63, 31, 53),
(64, 32, 18),
(65, 32, 53),
(66, 32, 35),
(67, 33, 18),
(68, 33, 35),
(69, 34, 35),
(70, 34, 10749),
(71, 35, 35),
(72, 35, 80),
(73, 35, 18),
(74, 36, 53),
(75, 36, 27),
(76, 36, 28),
(77, 36, 18),
(78, 37, 28),
(79, 37, 53),
(80, 38, 53),
(81, 38, 27),
(82, 38, 12),
(83, 38, 18),
(84, 39, 28),
(85, 39, 35),
(86, 39, 53),
(87, 39, 80),
(88, 40, 10749),
(89, 40, 18),
(90, 41, 878),
(91, 41, 18),
(92, 41, 12),
(93, 42, 28),
(94, 42, 878),
(95, 43, 16),
(96, 43, 12),
(97, 43, 35),
(98, 43, 10751),
(99, 44, 80),
(100, 44, 18),
(101, 44, 28),
(102, 45, 18),
(103, 45, 80),
(104, 45, 35),
(105, 46, 35),
(106, 46, 27),
(107, 46, 14),
(185, 81, 27),
(186, 81, 53),
(187, 82, 27),
(188, 82, 53),
(189, 82, 9648),
(190, 83, 53),
(191, 83, 28),
(192, 84, 35),
(193, 84, 18),
(194, 84, 10749),
(195, 85, 28),
(196, 85, 12),
(197, 85, 14),
(198, 85, 878),
(199, 86, 35),
(200, 86, 18),
(201, 87, 14),
(202, 87, 27),
(203, 87, 18),
(204, 88, 10749),
(205, 88, 10751),
(206, 89, 35),
(207, 89, 18),
(208, 90, 28),
(209, 91, 28),
(210, 91, 878),
(211, 91, 27),
(212, 91, 9648),
(213, 92, 9648),
(214, 92, 878),
(215, 92, 53),
(216, 93, 53),
(217, 94, 27),
(218, 95, 27),
(219, 95, 53),
(220, 96, 35),
(221, 97, 18),
(222, 97, 80),
(223, 98, 18),
(224, 99, 53),
(225, 99, 18),
(226, 99, 9648),
(227, 100, 18),
(228, 100, 36),
(229, 100, 10752),
(230, 101, 12),
(231, 101, 16),
(232, 101, 35),
(233, 101, 10751),
(234, 101, 14),
(235, 101, 10402),
(236, 102, 10752),
(237, 102, 36),
(238, 102, 28),
(239, 102, 18),
(240, 103, 35),
(241, 103, 10749),
(242, 103, 18),
(243, 104, 12),
(244, 104, 35),
(245, 104, 10751),
(246, 105, 12),
(247, 105, 18),
(248, 105, 35);

INSERT INTO `Salas` (`id_sala`, `id_cine`, `nombre`, `precio`, `capacidad`) VALUES
(1, 4, 'Tiffany', 350, 100),
(2, 1, 'Tiffany', 350, 100),
(3, 3, 'Atmos', 250, 150),
(4, 2, 'Aldrito', 190, 200);

INSERT INTO `Usuarios` (`id_usuario`, `dni`, `password`, `email`, `apellido`, `nombre`, `rol`, `ip`, `registerDate`, `lastConnection`, `loggedIn`, `image`, `facebookId`) VALUES
(1, 37777777, 'admin', 'moviepass.arg@gmail.com', 'Pass', 'Movie', 3, '::1', 1573100064, 1573509250, 1, 'Views/img/avatar.png', NULL),
(2, 38831867, '123456', 'rodrii_cs@hotmail.com', 'Fanjul', 'Rodrigo', 3, '::1', 1571886736, 1573520198, 0, 'https://graph.facebook.com/1874330122626592/picture?type=square&height=200', 1874330122626592),
(3, 38831866, '1234', 'rodrii.fan@gmail.com', 'Fanjul', 'Rodrigo', 1, '::1', 1571886976, 1573520415, 0, 'Views/img/avatar.png', NULL),
(4, 41570767, '1234', 'micael15papa@gmail.com', 'Papa', 'Micael', 1, '::1', 1571959317, 1571959318, 0, 'Views/img/avatar.png', NULL),
(5, 123457262, '123456', 'piberenz@gmail.com', 'Berenz', 'Pamela', 1, '::1', 1573418831, 1573509239, 0, 'Views/img/avatar.png', NULL);

/*!40101 SET CHARACTER_SET_CLIENT=@OLD_CHARACTER_SET_CLIENT */;
/*!40101 SET CHARACTER_SET_RESULTS=@OLD_CHARACTER_SET_RESULTS */;
/*!40101 SET COLLATION_CONNECTION=@OLD_COLLATION_CONNECTION */;
